{"cameraMode":{"drawMode":0,"name":"Shaded","section":"Shading Mode"},"sceneLighting":false,"audioPlay":false,"sceneViewState":{"showFog":true,"showMaterialUpdate":false,"showSkybox":true,"showFlares":true,"showImageEffects":true,"showParticleSystems":true},"in2DMode":false,"pivot":{"x":8.835343360900879,"y":10.015853881835938,"z":2.500648021697998},"rotation":{"x":-0.2568402886390686,"y":0.6771522164344788,"z":-0.27503475546836855,"w":-0.6323511600494385},"size":6.837132453918457,"orthographic":false}